Time Stamp,System Identifier,*Working hours,Air Thermistor BRC1 T째,EV Opening,Filter status,Gas Pipe T째,Indoor ID,Indoor ON/OFF Status,Indoor Set Temperature,Indoor Type Code,Liquid T째,Mode,ON/OFF,Room Temp,Suction T째,Set Temp,Site temperature
2024-07-27 09:00:00,1,142.25,128.0,0.0,1.0,23.7,4042087952.0,0.0,24.0,27277.0,22.666666666666668,0.0,2.0,27.266666666666666,27.766666666666666,24.0,27.0
2024-07-27 09:00:00,2,136.25,128.0,0.0,1.0,25.7,3267516688.0,0.0,24.0,27277.0,24.766666666666666,0.0,2.0,28.399999999999995,28.399999999999995,24.0,27.0
2024-07-27 09:00:00,3,222.0,128.0,0.0,1.0,23.066666666666666,4041825808.0,0.0,24.0,27277.0,22.96666666666667,0.0,2.0,26.333333333333332,26.333333333333332,24.0,27.0
2024-07-27 09:00:00,4,123.75,28.866666666666664,0.0,0.0,24.400000000000002,2290476305.0,0.0,24.0,26897.0,23.366666666666664,0.0,2.0,28.433333333333334,28.399999999999995,24.0,27.0
2024-07-27 09:05:00,1,142.25,128.0,0.0,1.0,23.866666666666664,4042087952.0,0.0,24.0,27277.0,22.8,0.0,2.0,27.3,27.866666666666664,24.0,27.0
2024-07-27 09:05:00,2,136.25,128.0,0.0,1.0,25.8,3267516688.0,0.0,24.0,27277.0,24.8,0.0,2.0,28.433333333333334,28.433333333333334,24.0,27.0
2024-07-27 09:05:00,3,222.0,128.0,0.0,1.0,23.233333333333334,4041825808.0,0.0,24.0,27277.0,23.0,0.0,2.0,26.5,26.46666666666667,24.0,27.0
2024-07-27 09:05:00,4,123.75,28.899999999999995,0.0,0.0,24.633333333333336,2290476305.0,0.0,24.0,26897.0,23.666666666666668,0.0,2.0,28.7,28.599999999999998,24.0,27.0
2024-07-27 09:10:00,1,142.25,128.0,0.0,1.0,24.0,4042087952.0,0.0,24.0,27277.0,22.924999999999997,0.0,2.0,27.3,27.924999999999997,24.0,27.0
2024-07-27 09:10:00,2,136.25,128.0,0.0,1.0,25.85,3267516688.0,0.0,24.0,27277.0,24.8,0.0,2.0,28.5,28.475,24.0,27.0
2024-07-27 09:10:00,3,222.0,128.0,0.0,1.0,23.424999999999997,4041825808.0,0.0,24.0,27277.0,23.15,0.0,2.0,26.6,26.6,24.0,27.0
2024-07-27 09:10:00,4,123.75,28.95,0.0,0.0,24.675,2290476305.0,0.0,24.0,26897.0,23.875,0.0,2.0,28.8,28.875,24.0,27.0
2024-07-27 09:15:00,1,142.25,128.0,0.0,1.0,24.066666666666666,4042087952.0,0.0,24.0,27277.0,23.0,0.0,2.0,27.333333333333332,28.0,24.0,27.0
2024-07-27 09:15:00,2,136.25,128.0,0.0,1.0,25.933333333333334,3267516688.0,0.0,24.0,27277.0,24.899999999999995,0.0,2.0,28.5,28.5,24.0,27.0
2024-07-27 09:15:00,3,222.0,128.0,0.0,1.0,23.600000000000005,4041825808.0,0.0,24.0,27277.0,23.333333333333332,0.0,2.0,26.666666666666668,26.7,24.0,27.0
2024-07-27 09:15:00,4,123.75,29.0,0.0,0.0,24.866666666666664,2290476305.0,0.0,24.0,26897.0,24.03333333333333,0.0,2.0,28.933333333333334,28.96666666666667,24.0,27.0
2024-07-27 09:20:00,1,142.25,128.0,0.0,1.0,24.233333333333334,4042087952.0,0.0,24.0,27277.0,23.066666666666666,0.0,2.0,27.399999999999995,28.066666666666666,24.0,27.0
2024-07-27 09:20:00,2,136.25,128.0,0.0,1.0,26.0,3267516688.0,0.0,24.0,27277.0,24.933333333333334,0.0,2.0,28.5,28.5,24.0,27.0
2024-07-27 09:20:00,3,222.0,128.0,0.0,1.0,23.733333333333334,4041825808.0,0.0,24.0,27277.0,23.433333333333334,0.0,2.0,26.8,26.8,24.0,27.0
2024-07-27 09:20:00,4,123.75,29.0,0.0,0.0,25.066666666666666,2290476305.0,0.0,24.0,26897.0,24.233333333333334,0.0,2.0,29.133333333333336,29.066666666666666,24.0,27.0
2024-07-27 09:25:00,1,142.25,128.0,0.0,1.0,24.35,4042087952.0,0.0,24.0,27277.0,23.225,0.0,2.0,27.5,28.1,24.0,27.0
2024-07-27 09:25:00,2,136.25,128.0,0.0,1.0,26.1,3267516688.0,0.0,24.0,27277.0,25.0,0.0,2.0,28.5,28.5,24.0,27.0
2024-07-27 09:25:00,3,222.5,128.0,0.0,1.0,23.9,4041825808.0,0.0,24.0,27277.0,23.6,0.0,2.0,26.875,26.875,24.0,27.0
2024-07-27 09:25:00,4,123.75,29.075000000000003,0.0,0.0,25.225,2290476305.0,0.0,24.0,26897.0,24.424999999999997,0.0,2.0,29.25,29.275,24.0,27.0
2024-07-27 09:30:00,1,142.25,128.0,0.0,1.0,24.46666666666667,4042087952.0,0.0,24.0,27277.0,23.3,0.0,2.0,27.5,28.100000000000005,24.0,27.0
2024-07-27 09:30:00,2,136.25,128.0,0.0,1.0,26.166666666666668,3267516688.0,0.0,24.0,27277.0,25.0,0.0,2.0,28.53333333333333,28.566666666666666,24.0,27.0
2024-07-27 09:30:00,3,222.5,128.0,0.0,1.0,24.0,4041825808.0,0.0,24.0,27277.0,23.7,0.0,2.0,26.933333333333334,27.0,24.0,27.0
2024-07-27 09:30:00,4,123.75,29.100000000000005,0.0,0.0,25.366666666666664,2290476305.0,0.0,24.0,26897.0,24.633333333333336,0.0,2.0,29.5,29.433333333333334,24.0,27.0
2024-07-27 09:35:00,1,142.25,128.0,0.0,1.0,24.575000000000003,4042087952.0,0.0,24.0,27277.0,23.424999999999997,0.0,2.0,27.55,28.15,24.0,27.0
2024-07-27 09:35:00,2,136.25,128.0,0.0,1.0,26.2,3267516688.0,0.0,24.0,27277.0,25.075000000000003,0.0,2.0,28.6,28.6,24.0,27.0
2024-07-27 09:35:00,3,222.5,128.0,0.0,1.0,24.1,4041825808.0,0.0,24.0,27277.0,23.85,0.0,2.0,27.0,27.025,24.0,27.0
2024-07-27 09:35:00,4,123.75,29.1,0.0,0.0,25.6,2290476305.0,0.0,24.0,26897.0,24.8,0.0,2.0,29.625,29.7,24.0,27.0
2024-07-27 09:40:00,1,142.25,128.0,0.0,1.0,24.7,4042087952.0,0.0,24.0,27277.0,23.5,0.0,2.0,27.600000000000005,28.2,24.0,27.0
2024-07-27 09:40:00,2,136.25,128.0,0.0,1.0,26.3,3267516688.0,0.0,24.0,27277.0,25.100000000000005,0.0,2.0,28.600000000000005,28.600000000000005,24.0,27.0
2024-07-27 09:40:00,3,222.5,128.0,0.0,1.0,24.266666666666666,4041825808.0,0.0,24.0,27277.0,23.96666666666667,0.0,2.0,27.100000000000005,27.100000000000005,24.0,27.0
2024-07-27 09:40:00,4,123.75,29.100000000000005,0.0,0.0,25.766666666666666,2290476305.0,0.0,24.0,26897.0,24.899999999999995,0.0,2.0,29.8,29.900000000000002,24.0,27.0
2024-07-27 09:45:00,1,142.25,128.0,0.0,1.0,24.8,4042087952.0,0.0,24.0,27277.0,23.600000000000005,0.0,2.0,27.666666666666668,28.2,24.0,27.0
2024-07-27 09:45:00,2,136.25,128.0,0.0,1.0,26.3,3267516688.0,0.0,24.0,27277.0,25.2,0.0,2.0,28.600000000000005,28.600000000000005,24.0,27.0
2024-07-27 09:45:00,3,222.5,128.0,0.0,1.0,24.333333333333332,4041825808.0,0.0,24.0,27277.0,24.0,0.0,2.0,27.100000000000005,27.166666666666668,24.0,27.0
2024-07-27 09:45:00,4,123.75,29.133333333333336,0.0,0.0,25.96666666666667,2290476305.0,0.0,24.0,26897.0,25.099999999999998,0.0,2.0,30.0,29.96666666666667,24.0,27.0
2024-07-27 09:50:00,1,142.25,128.0,0.0,1.0,24.825,4042087952.0,0.0,24.0,27277.0,23.7,0.0,2.0,27.7,28.3,24.0,27.0
2024-07-27 09:50:00,2,136.25,128.0,0.0,1.0,26.3,3267516688.0,0.0,24.0,27277.0,25.225,0.0,2.0,28.6,28.6,24.0,27.0
2024-07-27 09:50:00,3,222.5,128.0,0.0,1.0,24.475,4041825808.0,0.0,24.0,27277.0,24.05,0.0,2.0,27.2,27.2,24.0,27.0
2024-07-27 09:50:00,4,123.75,29.2,0.0,0.0,26.1,2290476305.0,0.0,24.0,26897.0,25.275,0.0,2.0,30.025,30.05,24.0,27.0
2024-07-27 09:55:00,1,142.25,128.0,0.0,1.0,24.9,4042087952.0,0.0,24.0,27277.0,23.8,0.0,2.0,27.7,28.3,24.0,27.0
2024-07-27 09:55:00,2,136.25,128.0,0.0,1.0,26.4,3267516688.0,0.0,24.0,27277.0,25.3,0.0,2.0,28.625,28.6,24.0,27.0
2024-07-27 09:55:00,3,222.5,128.0,0.0,1.0,24.6,4041825808.0,0.0,24.0,27277.0,24.15,0.0,2.0,27.3,27.3,24.0,27.0
2024-07-27 09:55:00,4,123.75,29.225,0.0,0.0,26.275,2290476305.0,0.0,24.0,26897.0,25.424999999999997,0.0,2.0,30.225,30.2,24.0,27.0
2024-07-27 10:00:00,1,142.25,128.0,0.0,1.0,24.933333333333334,4042087952.0,0.0,24.0,27277.0,23.8,0.0,2.0,27.733333333333334,28.399999999999995,24.0,27.0
2024-07-27 10:00:00,2,136.25,128.0,0.0,1.0,26.399999999999995,3267516688.0,0.0,24.0,27277.0,25.3,0.0,2.0,28.7,28.7,24.0,27.0
2024-07-27 10:00:00,3,222.5,128.0,0.0,1.0,24.7,4041825808.0,0.0,24.0,27277.0,24.233333333333334,0.0,2.0,27.3,27.3,24.0,27.0
2024-07-27 10:00:00,4,123.75,29.3,0.0,0.0,26.366666666666664,2290476305.0,0.0,24.0,26897.0,25.566666666666666,0.0,2.0,30.266666666666666,30.333333333333332,24.0,27.0
2024-07-27 10:05:00,1,142.25,128.0,0.0,1.0,25.1,4042087952.0,0.0,24.0,27277.0,23.9,0.0,2.0,27.8,28.4,24.0,27.0
2024-07-27 10:05:00,2,136.25,128.0,0.0,1.0,26.4,3267516688.0,0.0,24.0,27277.0,25.35,0.0,2.0,28.7,28.7,24.0,27.0
2024-07-27 10:05:00,3,222.5,128.0,0.0,1.0,24.75,4041825808.0,0.0,24.0,27277.0,24.3,0.0,2.0,27.3,27.3,24.0,27.0
2024-07-27 10:05:00,4,123.75,29.3,0.0,0.0,26.45,2290476305.0,0.0,24.0,26897.0,25.6,0.0,2.0,30.35,30.45,24.0,27.0
2024-07-27 10:10:00,1,142.25,128.0,0.0,1.0,25.3,4042087952.0,0.0,24.0,27277.0,24.0,0.0,2.0,27.8,28.433333333333334,24.0,30.0
2024-07-27 10:10:00,2,136.25,128.0,0.0,1.0,26.46666666666667,3267516688.0,0.0,24.0,27277.0,25.46666666666667,0.0,2.0,28.7,28.666666666666668,24.0,30.0
2024-07-27 10:10:00,3,222.5,128.0,0.0,1.0,24.8,4041825808.0,0.0,24.0,27277.0,24.399999999999995,0.0,2.0,27.3,27.3,24.0,30.0
2024-07-27 10:10:00,4,123.75,29.399999999999995,0.0,0.0,26.666666666666668,2290476305.0,0.0,24.0,26897.0,25.766666666666666,0.0,2.0,30.633333333333336,30.599999999999998,24.0,30.0
2024-07-27 10:15:00,1,142.25,128.0,0.0,1.0,25.333333333333332,4042087952.0,0.0,24.0,27277.0,24.0,0.0,2.0,27.8,28.5,24.0,30.0
2024-07-27 10:15:00,2,136.25,128.0,0.0,1.0,26.5,3267516688.0,0.0,24.0,27277.0,25.5,0.0,2.0,28.7,28.7,24.0,30.0
2024-07-27 10:15:00,3,222.5,128.0,0.0,1.0,24.866666666666664,4041825808.0,0.0,24.0,27277.0,24.5,0.0,2.0,27.366666666666664,27.366666666666664,24.0,30.0
2024-07-27 10:15:00,4,123.75,29.399999999999995,0.0,0.0,26.666666666666668,2290476305.0,0.0,24.0,26897.0,25.96666666666667,0.0,2.0,30.7,30.8,24.0,30.0
2024-07-27 10:20:00,1,142.25,128.0,0.0,1.0,25.424999999999997,4042087952.0,0.0,24.0,27277.0,24.025,0.0,2.0,27.875,28.5,24.0,30.0
2024-07-27 10:20:00,2,136.25,128.0,0.0,1.0,26.55,3267516688.0,0.0,24.0,27277.0,25.6,0.0,2.0,28.7,28.7,24.0,30.0
2024-07-27 10:20:00,3,222.5,128.0,0.0,1.0,24.95,4041825808.0,0.0,24.0,27277.0,24.525,0.0,2.0,27.4,27.4,24.0,30.0
2024-07-27 10:20:00,4,123.75,29.424999999999997,0.0,0.0,26.675,2290476305.0,0.0,24.0,26897.0,26.025,0.0,2.0,30.825,30.85,24.0,30.0
2024-07-27 10:25:00,1,142.25,128.0,0.0,1.0,25.5,4042087952.0,0.0,24.0,27277.0,24.1,0.0,2.0,27.9,28.5,24.0,30.0
2024-07-27 10:25:00,2,136.25,128.0,0.0,1.0,26.6,3267516688.0,0.0,24.0,27277.0,25.6,0.0,2.0,28.7,28.7,24.0,30.0
2024-07-27 10:25:00,3,222.5,128.0,0.0,1.0,25.025,4041825808.0,0.0,24.0,27277.0,24.6,0.0,2.0,27.424999999999997,27.4,24.0,30.0
2024-07-27 10:25:00,4,123.75,29.5,0.0,0.0,26.875,2290476305.0,0.0,24.0,26897.0,26.150000000000002,0.0,2.0,30.9,30.925,24.0,30.0
2024-07-27 10:30:00,1,142.25,128.0,0.0,1.0,25.600000000000005,4042087952.0,0.0,24.0,27277.0,24.166666666666668,0.0,2.0,27.899999999999995,28.600000000000005,24.0,30.0
2024-07-27 10:30:00,2,136.25,128.0,0.0,1.0,26.600000000000005,3267516688.0,0.0,24.0,27277.0,25.633333333333336,0.0,2.0,28.733333333333334,28.7,24.0,30.0
2024-07-27 10:30:00,3,222.5,128.0,0.0,1.0,25.100000000000005,4041825808.0,0.0,24.0,27277.0,24.7,0.0,2.0,27.5,27.5,24.0,30.0
2024-07-27 10:30:00,4,123.75,29.5,0.0,0.0,27.0,2290476305.0,0.0,24.0,26897.0,26.3,0.0,2.0,31.133333333333336,31.133333333333336,24.0,30.0
2024-07-27 10:35:00,1,142.25,128.0,0.0,1.0,25.7,4042087952.0,0.0,24.0,27277.0,24.25,0.0,2.0,27.9,28.6,24.0,30.0
2024-07-27 10:35:00,2,136.25,128.0,0.0,1.0,26.65,3267516688.0,0.0,24.0,27277.0,25.7,0.0,2.0,28.8,28.8,24.0,30.0
2024-07-27 10:35:00,3,222.5,128.0,0.0,1.0,25.2,4041825808.0,0.0,24.0,27277.0,24.75,0.0,2.0,27.5,27.5,24.0,30.0
2024-07-27 10:35:00,4,123.75,29.6,0.0,0.0,27.075000000000003,2290476305.0,0.0,24.0,26897.0,26.375,0.0,2.0,31.175,31.25,24.0,30.0
2024-07-27 10:40:00,1,142.25,128.0,0.0,1.0,25.8,4042087952.0,0.0,24.0,27277.0,24.3,0.0,2.0,27.933333333333334,28.600000000000005,24.0,30.0
2024-07-27 10:40:00,2,136.25,128.0,0.0,1.0,26.7,3267516688.0,0.0,24.0,27277.0,25.7,0.0,2.0,28.8,28.8,24.0,30.0
2024-07-27 10:40:00,3,222.5,128.0,0.0,1.0,25.266666666666666,4041825808.0,0.0,24.0,27277.0,24.8,0.0,2.0,27.5,27.5,24.0,30.0
2024-07-27 10:40:00,4,123.75,29.633333333333336,0.0,0.0,27.2,2290476305.0,0.0,24.0,26897.0,26.46666666666667,0.0,2.0,31.366666666666664,31.333333333333332,24.0,30.0
2024-07-27 10:45:00,1,142.25,128.0,0.0,1.0,25.825,4042087952.0,0.0,24.0,27277.0,24.375,0.0,2.0,27.975,28.65,24.0,30.0
2024-07-27 10:45:00,2,136.25,128.0,0.0,1.0,26.7,3267516688.0,0.0,24.0,27277.0,25.7,0.0,2.0,28.85,28.85,24.0,30.0
2024-07-27 10:45:00,3,222.5,128.0,0.0,1.0,25.325,4041825808.0,0.0,24.0,27277.0,24.8,0.0,2.0,27.575000000000003,27.6,24.0,30.0
2024-07-27 10:45:00,4,123.75,29.7,0.0,0.0,27.25,2290476305.0,0.0,24.0,26897.0,26.6,0.0,2.0,31.4,31.475,24.0,30.0
2024-07-27 10:50:00,1,142.25,128.0,0.0,1.0,25.9,4042087952.0,0.0,24.0,27277.0,24.45,0.0,2.0,28.0,28.7,24.0,30.0
2024-07-27 10:50:00,2,136.25,128.0,0.0,1.0,26.7,3267516688.0,0.0,24.0,27277.0,25.775,0.0,2.0,28.875,28.85,24.0,30.0
2024-07-27 10:50:00,3,222.5,128.0,0.0,1.0,25.4,4041825808.0,0.0,24.0,27277.0,24.8,0.0,2.0,27.6,27.6,24.0,30.0
2024-07-27 10:50:00,4,123.75,29.8,0.0,0.0,27.4,2290476305.0,0.0,24.0,26897.0,26.725,0.0,2.0,31.575000000000003,31.65,24.0,30.0
2024-07-27 10:55:00,1,142.25,128.0,0.0,1.0,26.0,4042087952.0,0.0,24.0,27277.0,24.5,0.0,2.0,28.0,28.7,24.0,30.0
2024-07-27 10:55:00,2,136.25,128.0,0.0,1.0,26.7,3267516688.0,0.0,24.0,27277.0,25.8,0.0,2.0,28.9,28.85,24.0,30.0
2024-07-27 10:55:00,3,222.5,128.0,0.0,1.0,25.5,4041825808.0,0.0,24.0,27277.0,24.9,0.0,2.0,27.6,27.6,24.0,30.0
2024-07-27 10:55:00,4,123.75,29.85,0.0,0.0,27.55,2290476305.0,0.0,24.0,26897.0,26.85,0.0,2.0,31.75,31.75,24.0,30.0
2024-07-27 11:00:00,1,142.25,128.0,0.0,1.0,26.0,4042087952.0,0.0,24.0,27277.0,24.566666666666666,0.0,2.0,28.0,28.7,24.0,30.0
2024-07-27 11:00:00,2,136.25,128.0,0.0,1.0,26.7,3267516688.0,0.0,24.0,27277.0,25.8,0.0,2.0,28.899999999999995,28.899999999999995,24.0,30.0
2024-07-27 11:00:00,3,222.5,128.0,0.0,1.0,25.53333333333333,4041825808.0,0.0,24.0,27277.0,24.899999999999995,0.0,2.0,27.666666666666668,27.633333333333336,24.0,30.0
2024-07-27 11:00:00,4,123.75,29.899999999999995,0.0,0.0,27.566666666666666,2290476305.0,0.0,24.0,26897.0,26.833333333333332,0.0,2.0,31.8,31.866666666666664,24.0,30.0
2024-07-27 11:05:00,1,142.25,128.0,0.0,1.0,26.100000000000005,4042087952.0,0.0,24.0,27277.0,24.600000000000005,0.0,2.0,28.0,28.766666666666666,24.0,30.0
2024-07-27 11:05:00,2,136.25,128.0,0.0,1.0,26.766666666666666,3267516688.0,0.0,24.0,27277.0,25.8,0.0,2.0,28.899999999999995,28.899999999999995,24.0,30.0
2024-07-27 11:05:00,3,222.5,128.0,0.0,1.0,25.600000000000005,4041825808.0,0.0,24.0,27277.0,25.0,0.0,2.0,27.7,27.7,24.0,30.0
2024-07-27 11:05:00,4,123.75,29.96666666666667,0.0,0.0,27.633333333333336,2290476305.0,0.0,24.0,26897.0,26.96666666666667,0.0,2.0,31.96666666666667,32.0,24.0,30.0
2024-07-27 11:10:00,1,142.25,128.0,0.0,1.0,26.125,4042087952.0,0.0,24.0,27277.0,24.7,0.0,2.0,28.05,28.8,24.0,30.0
2024-07-27 11:10:00,2,136.25,128.0,0.0,1.0,26.8,3267516688.0,0.0,24.0,27277.0,25.8,0.0,2.0,28.9,28.9,24.0,30.0
2024-07-27 11:10:00,3,222.5,128.0,0.0,1.0,25.625,4041825808.0,0.0,24.0,27277.0,25.025,0.0,2.0,27.725,27.7,24.0,30.0
2024-07-27 11:10:00,4,123.75,30.0,0.0,0.0,27.7,2290476305.0,0.0,24.0,26897.0,27.05,0.0,2.0,32.175000000000004,32.125,24.0,30.0
2024-07-27 11:15:00,1,142.25,128.0,0.0,1.0,26.2,4042087952.0,0.0,24.0,27277.0,24.7,0.0,2.0,28.1,28.8,24.0,30.0
2024-07-27 11:15:00,2,136.25,128.0,0.0,1.0,26.8,3267516688.0,0.0,24.0,27277.0,25.9,0.0,2.0,28.9,28.9,24.0,30.0
2024-07-27 11:15:00,3,222.5,128.0,0.0,1.0,25.7,4041825808.0,0.0,24.0,27277.0,25.1,0.0,2.0,27.7,27.75,24.0,30.0
2024-07-27 11:15:00,4,123.75,30.0,0.0,0.0,27.8,2290476305.0,0.0,24.0,26897.0,27.125,0.0,2.0,32.175,32.275,24.0,30.0
2024-07-27 11:20:00,1,142.25,128.0,0.0,1.0,26.125,4042087952.0,0.0,24.0,27277.0,24.725,0.0,2.0,28.1,28.8,24.0,30.0
2024-07-27 11:20:00,2,136.25,128.0,0.0,1.0,26.8,3267516688.0,0.0,24.0,27277.0,25.9,0.0,2.0,28.9,28.9,24.0,30.0
2024-07-27 11:20:00,3,222.5,128.0,0.0,1.0,25.725,4041825808.0,0.0,24.0,27277.0,25.1,0.0,2.0,27.8,27.8,24.0,30.0
2024-07-27 11:20:00,4,123.75,30.05,0.0,0.0,27.95,2290476305.0,0.0,24.0,26897.0,27.275,0.0,2.0,32.324999999999996,32.325,24.0,30.0
2024-07-27 11:25:00,1,142.25,128.0,0.0,1.0,26.233333333333334,4042087952.0,0.0,24.0,27277.0,24.8,0.0,2.0,28.100000000000005,28.833333333333332,24.0,30.0
2024-07-27 11:25:00,2,136.25,128.0,0.0,1.0,26.8,3267516688.0,0.0,24.0,27277.0,25.899999999999995,0.0,2.0,28.96666666666667,29.0,24.0,30.0
2024-07-27 11:25:00,3,222.5,128.0,0.0,1.0,25.8,4041825808.0,0.0,24.0,27277.0,25.166666666666668,0.0,2.0,27.8,27.8,24.0,30.0
2024-07-27 11:25:00,4,123.75,30.100000000000005,0.0,0.0,27.899999999999995,2290476305.0,0.0,24.0,26897.0,27.366666666666664,0.0,2.0,32.46666666666667,32.333333333333336,24.0,30.0
2024-07-27 11:30:00,1,142.25,128.0,0.0,1.0,26.4,4042087952.0,0.0,24.0,27277.0,24.8,0.0,2.0,28.1,28.9,24.0,30.0
2024-07-27 11:30:00,2,136.25,128.0,0.0,1.0,26.875,3267516688.0,0.0,24.0,27277.0,25.9,0.0,2.0,29.0,29.0,24.0,30.0
2024-07-27 11:30:00,3,222.5,128.0,0.0,1.0,25.8,4041825808.0,0.0,24.0,27277.0,25.2,0.0,2.0,27.8,27.8,24.0,30.0
2024-07-27 11:30:00,4,123.75,30.1,0.0,0.0,28.0,2290476305.0,0.0,24.0,26897.0,27.45,0.0,2.0,32.575,32.5,24.0,30.0
2024-07-27 11:35:00,1,142.25,128.0,0.0,1.0,26.4,4042087952.0,0.0,24.0,27277.0,24.85,0.0,2.0,28.1,28.9,24.0,30.0
2024-07-27 11:35:00,2,136.25,128.0,0.0,1.0,26.9,3267516688.0,0.0,24.0,27277.0,25.9,0.0,2.0,29.0,29.0,24.0,30.0
2024-07-27 11:35:00,3,222.5,128.0,0.0,1.0,25.9,4041825808.0,0.0,24.0,27277.0,25.25,0.0,2.0,27.8,27.8,24.0,30.0
2024-07-27 11:35:00,4,123.75,30.2,0.0,0.0,28.1,2290476305.0,0.0,24.0,26897.0,27.55,0.0,2.0,32.650000000000006,32.65,24.0,30.0
2024-07-27 11:40:00,1,142.25,128.0,0.0,1.0,26.4,4042087952.0,0.0,24.0,27277.0,24.9,0.0,2.0,28.1,28.9,24.0,30.0
2024-07-27 11:40:00,2,136.25,128.0,0.0,1.0,26.9,3267516688.0,0.0,24.0,27277.0,25.975,0.0,2.0,29.0,29.0,24.0,30.0
2024-07-27 11:40:00,3,222.5,128.0,0.0,1.0,25.9,4041825808.0,0.0,24.0,27277.0,25.3,0.0,2.0,27.875,27.85,24.0,30.0
2024-07-27 11:40:00,4,123.75,30.25,0.0,0.0,28.15,2290476305.0,0.0,24.0,26897.0,27.575,0.0,2.0,32.7,32.75,24.0,30.0
2024-07-27 11:45:00,1,142.25,128.0,0.0,1.0,26.5,4042087952.0,0.0,24.0,27277.0,24.9,0.0,2.0,28.1,28.9,24.0,30.0
2024-07-27 11:45:00,2,136.25,128.0,0.0,1.0,26.9,3267516688.0,0.0,24.0,27277.0,26.0,0.0,2.0,29.0,29.0,24.0,30.0
2024-07-27 11:45:00,3,222.5,128.0,0.0,1.0,25.95,4041825808.0,0.0,24.0,27277.0,25.3,0.0,2.0,27.9,27.9,24.0,30.0
2024-07-27 11:45:00,4,123.75,30.3,0.0,0.0,28.25,2290476305.0,0.0,24.0,26897.0,27.7,0.0,2.0,32.8,32.8,24.0,30.0
2024-07-27 11:50:00,1,142.25,128.0,0.0,1.0,26.5,4042087952.0,0.0,24.0,27277.0,25.0,0.0,2.0,28.100000000000005,28.96666666666667,24.0,30.0
2024-07-27 11:50:00,2,136.25,128.0,0.0,1.0,26.899999999999995,3267516688.0,0.0,24.0,27277.0,26.0,0.0,2.0,29.0,29.0,24.0,30.0
2024-07-27 11:50:00,3,222.5,128.0,0.0,1.0,26.0,4041825808.0,0.0,24.0,27277.0,25.399999999999995,0.0,2.0,27.833333333333332,27.899999999999995,24.0,30.0
2024-07-27 11:50:00,4,123.75,30.333333333333332,0.0,0.0,28.366666666666664,2290476305.0,0.0,24.0,26897.0,27.766666666666666,0.0,2.0,32.733333333333334,32.833333333333336,24.0,30.0
2024-07-27 11:55:00,1,142.25,128.0,0.0,1.0,26.5,4042087952.0,0.0,24.0,27277.0,25.100000000000005,0.0,2.0,28.100000000000005,29.0,24.0,30.0
2024-07-27 11:55:00,2,136.25,128.0,0.0,1.0,26.899999999999995,3267516688.0,0.0,24.0,27277.0,26.0,0.0,2.0,29.0,29.0,24.0,30.0
2024-07-27 11:55:00,3,222.5,128.0,0.0,1.0,26.0,4041825808.0,0.0,24.0,27277.0,25.399999999999995,0.0,2.0,27.899999999999995,27.899999999999995,24.0,30.0
2024-07-27 11:55:00,4,123.75,30.399999999999995,0.0,0.0,28.366666666666664,2290476305.0,0.0,24.0,26897.0,27.833333333333332,0.0,2.0,32.766666666666666,32.9,24.0,30.0
2024-07-27 12:00:00,1,142.25,128.0,0.0,1.0,26.6,4042087952.0,0.0,24.0,27277.0,25.125,0.0,2.0,28.1,29.0,24.0,30.0
2024-07-27 12:00:00,2,136.25,128.0,0.0,1.0,26.975,3267516688.0,0.0,24.0,27277.0,26.1,0.0,2.0,29.0,29.0,24.0,30.0
2024-07-27 12:00:00,3,222.5,128.0,0.0,1.0,26.1,4041825808.0,0.0,24.0,27277.0,25.424999999999997,0.0,2.0,27.9,27.9,24.0,30.0
2024-07-27 12:00:00,4,123.75,30.4,0.0,0.0,28.45,2290476305.0,0.0,24.0,26897.0,27.924999999999997,0.0,2.0,32.925,32.95,24.0,30.0
2024-07-27 12:05:00,1,142.25,128.0,0.0,1.0,26.600000000000005,4042087952.0,0.0,24.0,27277.0,25.2,0.0,2.0,28.100000000000005,29.0,24.0,30.0
2024-07-27 12:05:00,2,136.25,128.0,0.0,1.0,27.0,3267516688.0,0.0,24.0,27277.0,26.100000000000005,0.0,2.0,29.0,29.0,24.0,30.0
2024-07-27 12:05:00,3,222.5,128.0,0.0,1.0,26.100000000000005,4041825808.0,0.0,24.0,27277.0,25.5,0.0,2.0,27.96666666666667,28.0,24.0,30.0
2024-07-27 12:05:00,4,123.75,30.46666666666667,0.0,0.0,28.46666666666667,2290476305.0,0.0,24.0,26897.0,28.0,0.0,2.0,33.03333333333333,32.96666666666667,24.0,30.0
2024-07-27 12:10:00,1,142.25,128.0,0.0,1.0,26.7,4042087952.0,0.0,24.0,27277.0,25.3,0.0,2.0,28.100000000000005,29.0,24.0,30.0
2024-07-27 12:10:00,2,136.25,128.0,0.0,1.0,27.0,3267516688.0,0.0,24.0,27277.0,26.100000000000005,0.0,2.0,29.0,29.0,24.0,30.0
2024-07-27 12:10:00,3,222.5,128.0,0.0,1.0,26.100000000000005,4041825808.0,0.0,24.0,27277.0,25.5,0.0,2.0,28.0,28.0,24.0,30.0
2024-07-27 12:10:00,4,123.75,30.5,0.0,0.0,28.600000000000005,2290476305.0,0.0,24.0,26897.0,28.066666666666666,0.0,2.0,32.93333333333333,33.0,24.0,30.0
2024-07-27 12:15:00,1,142.25,128.0,0.0,1.0,26.7,4042087952.0,0.0,24.0,27277.0,25.3,0.0,2.0,28.100000000000005,29.0,24.0,30.666666666666668
2024-07-27 12:15:00,2,136.25,128.0,0.0,1.0,27.0,3267516688.0,0.0,24.0,27277.0,26.100000000000005,0.0,2.0,29.0,29.0,24.0,30.666666666666668
2024-07-27 12:15:00,3,222.5,128.0,0.0,1.0,26.166666666666668,4041825808.0,0.0,24.0,27277.0,25.5,0.0,2.0,28.0,28.0,24.0,30.666666666666668
2024-07-27 12:15:00,4,123.75,30.5,0.0,0.0,28.633333333333336,2290476305.0,0.0,24.0,26897.0,28.133333333333336,0.0,2.0,33.13333333333333,33.166666666666664,24.0,30.666666666666668
2024-07-27 12:20:00,1,142.25,128.0,0.0,1.0,26.725,4042087952.0,0.0,24.0,27277.0,25.35,0.0,2.0,28.125,29.0,24.0,31.0
2024-07-27 12:20:00,2,136.25,128.0,0.0,1.0,27.025,3267516688.0,0.0,24.0,27277.0,26.1,0.0,2.0,29.0,29.0,24.0,31.0
2024-07-27 12:20:00,3,222.5,128.0,0.0,1.0,26.2,4041825808.0,0.0,24.0,27277.0,25.55,0.0,2.0,28.0,28.0,24.0,31.0
2024-07-27 12:20:00,4,123.75,30.5,0.0,0.0,28.675,2290476305.0,0.0,24.0,26897.0,28.15,0.0,2.0,33.1,33.125,24.0,31.0
2024-07-27 12:25:00,1,142.25,128.0,0.0,1.0,26.8,4042087952.0,0.0,24.0,27277.0,25.399999999999995,0.0,2.0,28.2,29.0,24.0,31.0
2024-07-27 12:25:00,2,136.25,128.0,0.0,1.0,27.100000000000005,3267516688.0,0.0,24.0,27277.0,26.133333333333336,0.0,2.0,29.0,29.0,24.0,31.0
2024-07-27 12:25:00,3,222.5,128.0,0.0,1.0,26.266666666666666,4041825808.0,1.0,24.0,27277.0,25.3,0.0,1.0,27.599999999999998,27.599999999999998,24.0,31.0
2024-07-27 12:25:00,4,123.75,30.5,0.0,0.0,28.766666666666666,2290476305.0,0.0,24.0,26897.0,28.2,0.0,2.0,33.166666666666664,33.13333333333333,24.0,31.0
2024-07-27 12:30:00,1,142.25,128.0,0.0,1.0,26.8,4042087952.0,0.0,24.0,27277.0,25.433333333333334,0.0,2.0,28.2,29.0,24.0,31.0
2024-07-27 12:30:00,2,136.25,128.0,0.0,1.0,27.100000000000005,3267516688.0,0.0,24.0,27277.0,26.2,0.0,2.0,29.0,29.0,24.0,31.0
2024-07-27 12:30:00,3,222.5,128.0,363.0,1.0,8.333333333333334,4041825808.0,1.0,24.0,27277.0,7.1000000000000005,0.0,1.0,24.633333333333336,24.46666666666667,24.0,31.0
2024-07-27 12:30:00,4,123.75,30.600000000000005,0.0,0.0,28.666666666666668,2290476305.0,0.0,24.0,26897.0,28.3,0.0,2.0,33.166666666666664,33.2,24.0,31.0
2024-07-27 12:35:00,1,142.25,128.0,0.0,1.0,26.866666666666664,4042087952.0,0.0,24.0,27277.0,25.5,0.0,2.0,28.2,29.0,24.0,31.0
2024-07-27 12:35:00,2,136.25,128.0,0.0,1.0,27.100000000000005,3267516688.0,0.0,24.0,27277.0,26.2,0.0,2.0,29.0,29.0,24.0,31.0
2024-07-27 12:35:00,3,222.5,128.0,0.0,1.0,11.866666666666667,4041825808.0,1.0,24.0,27277.0,8.766666666666667,0.0,1.0,23.099999999999998,23.0,24.0,31.0
2024-07-27 12:35:00,4,123.75,30.600000000000005,0.0,0.0,28.766666666666666,2290476305.0,0.0,24.0,26897.0,28.366666666666664,0.0,2.0,33.233333333333334,33.266666666666666,24.0,31.0
2024-07-27 12:40:00,1,142.25,128.0,0.0,1.0,26.8,4042087952.0,0.0,24.0,27277.0,25.46666666666667,0.0,2.0,28.2,29.0,24.0,31.0
2024-07-27 12:40:00,2,136.25,128.0,0.0,1.0,27.100000000000005,3267516688.0,0.0,24.0,27277.0,26.2,0.0,2.0,29.03333333333333,29.03333333333333,24.0,31.0
2024-07-27 12:40:00,3,222.5,128.0,0.0,1.0,20.166666666666668,4041825808.0,1.0,24.0,27277.0,18.833333333333332,0.0,1.0,23.233333333333334,23.266666666666666,24.0,31.0
2024-07-27 12:40:00,4,123.75,30.600000000000005,0.0,0.0,28.8,2290476305.0,0.0,24.0,26897.0,28.333333333333332,0.0,2.0,33.266666666666666,33.233333333333334,24.0,31.0
2024-07-27 12:45:00,1,142.25,128.0,0.0,1.0,26.900000000000002,4042087952.0,0.0,24.0,27277.0,25.5,0.0,2.0,28.2,29.03333333333333,24.0,31.0
2024-07-27 12:45:00,2,136.25,128.0,0.0,1.0,27.100000000000005,3267516688.0,0.0,24.0,27277.0,26.2,0.0,2.0,29.100000000000005,29.03333333333333,24.0,31.0
2024-07-27 12:45:00,3,222.5,128.0,0.0,1.0,20.900000000000002,4041825808.0,1.0,24.0,27277.0,20.333333333333332,0.0,1.0,23.766666666666666,23.8,24.0,31.0
2024-07-27 12:45:00,4,123.75,30.600000000000005,0.0,0.0,28.8,2290476305.0,0.0,24.0,26897.0,28.433333333333334,0.0,2.0,33.233333333333334,33.233333333333334,24.0,31.0
2024-07-27 12:50:00,1,142.25,128.0,0.0,1.0,27.0,4042087952.0,0.0,24.0,27277.0,25.6,0.0,2.0,28.3,29.05,24.0,31.0
2024-07-27 12:50:00,2,136.25,128.0,0.0,1.0,27.1,3267516688.0,0.0,24.0,27277.0,26.2,0.0,2.0,29.1,29.1,24.0,31.0
2024-07-27 12:50:00,3,222.5,128.0,0.0,1.0,21.65,4041825808.0,1.0,24.0,27277.0,21.15,0.0,1.0,24.1,24.1,24.0,31.0
2024-07-27 12:50:00,4,123.75,30.6,0.0,0.0,28.95,2290476305.0,0.0,24.0,26897.0,28.45,0.0,2.0,33.4,33.25,24.0,31.0
2024-07-27 12:55:00,1,142.25,128.0,0.0,1.0,27.025,4042087952.0,1.0,24.0,27277.0,25.575000000000003,0.0,2.0,28.3,28.85,24.0,31.0
2024-07-27 12:55:00,2,136.25,128.0,0.0,1.0,27.175,3267516688.0,0.0,24.0,27277.0,26.2,0.0,2.0,29.1,29.1,24.0,31.0
2024-07-27 12:55:00,3,222.5,128.0,0.0,1.0,22.45,4041825808.0,0.0,24.0,27277.0,21.825,0.0,2.0,24.35,24.375,24.0,31.0
2024-07-27 12:55:00,4,123.75,30.6,0.0,0.0,28.875,2290476305.0,0.0,24.0,26897.0,28.55,0.0,2.0,33.3,33.324999999999996,24.0,31.0
2024-07-27 13:00:00,1,142.25,128.0,286.0,1.0,7.0249999999999995,4042087952.0,1.0,24.0,27277.0,5.125,0.0,2.0,28.25,26.125,24.0,31.0
2024-07-27 13:00:00,2,136.25,128.0,0.0,1.0,27.2,3267516688.0,0.0,24.0,27277.0,26.275,0.0,2.0,29.15,29.125,24.0,31.0
2024-07-27 13:00:00,3,222.5,128.0,0.0,1.0,22.675,4041825808.0,0.0,24.0,27277.0,22.15,0.0,2.0,24.9,25.075,24.0,31.0
2024-07-27 13:00:00,4,123.75,30.6,0.0,0.0,28.924999999999997,2290476305.0,0.0,24.0,26897.0,28.6,0.0,2.0,33.324999999999996,33.349999999999994,24.0,31.0
2024-07-27 13:05:00,1,142.25,128.0,361.0,1.0,9.366666666666667,4042087952.0,1.0,24.0,27277.0,0.9333333333333335,0.0,2.0,28.3,24.599999999999998,24.0,31.166666666666668
2024-07-27 13:05:00,2,136.25,128.0,0.0,1.0,27.2,3267516688.0,0.0,24.0,27277.0,26.3,0.0,2.0,29.100000000000005,29.100000000000005,24.0,31.166666666666668
2024-07-27 13:05:00,3,222.5,128.0,0.0,1.0,22.933333333333334,4041825808.0,0.0,24.0,27277.0,22.433333333333334,0.0,2.0,25.733333333333334,25.766666666666666,24.0,31.166666666666668
2024-07-27 13:05:00,4,123.75,30.600000000000005,0.0,0.0,28.899999999999995,2290476305.0,0.0,24.0,26897.0,28.599999999999998,0.0,2.0,33.36666666666667,33.4,24.0,31.166666666666668
2024-07-27 13:10:00,1,142.25,128.0,283.0,1.0,2.6333333333333333,4042087952.0,1.0,24.0,27277.0,1.9666666666666666,0.0,2.0,28.3,23.866666666666664,24.0,31.5
2024-07-27 13:10:00,2,136.25,128.0,0.0,1.0,27.2,3267516688.0,0.0,24.0,27277.0,26.3,0.0,2.0,29.100000000000005,29.100000000000005,24.0,31.5
2024-07-27 13:10:00,3,222.5,128.0,0.0,1.0,23.03333333333333,4041825808.0,0.0,24.0,27277.0,22.566666666666666,0.0,2.0,26.166666666666668,26.166666666666668,24.0,31.5
2024-07-27 13:10:00,4,123.75,30.600000000000005,0.0,0.0,28.96666666666667,2290476305.0,0.0,24.0,26897.0,28.599999999999998,0.0,2.0,33.4,33.333333333333336,24.0,31.5
2024-07-27 13:15:00,1,142.25,128.0,288.0,1.0,10.2,4042087952.0,1.0,24.0,27277.0,-2.7,0.0,2.0,28.3,23.200000000000003,24.0,31.5
2024-07-27 13:15:00,2,136.25,128.0,0.0,1.0,27.2,3267516688.0,0.0,24.0,27277.0,26.3,0.0,2.0,29.1,29.1,24.0,31.5
2024-07-27 13:15:00,3,222.5,128.0,0.0,1.0,23.25,4041825808.0,0.0,24.0,27277.0,22.85,0.0,2.0,26.4,26.5,24.0,31.5
2024-07-27 13:15:00,4,123.75,30.6,0.0,0.0,28.95,2290476305.0,0.0,24.0,26897.0,28.65,0.0,2.0,33.4,33.349999999999994,24.0,31.5
2024-07-27 13:20:00,1,142.25,128.0,0.0,1.0,11.85,4042087952.0,1.0,24.0,27277.0,7.575,0.0,2.0,28.3,22.9,24.0,31.5
2024-07-27 13:20:00,2,136.25,128.0,0.0,1.0,27.2,3267516688.0,0.0,24.0,27277.0,26.3,0.0,2.0,29.1,29.15,24.0,31.5
2024-07-27 13:20:00,3,222.5,128.0,0.0,1.0,23.325,4041825808.0,0.0,24.0,27277.0,22.95,0.0,2.0,26.675,26.675,24.0,31.5
2024-07-27 13:20:00,4,123.75,30.6,0.0,0.0,29.0,2290476305.0,0.0,24.0,26897.0,28.675,0.0,2.0,33.324999999999996,33.4,24.0,31.5
2024-07-27 13:25:00,1,142.25,128.0,0.0,1.0,18.2,4042087952.0,1.0,24.0,27277.0,19.275,0.0,2.0,28.3,23.425,24.0,31.5
2024-07-27 13:25:00,2,136.25,128.0,0.0,1.0,27.2,3267516688.0,0.0,24.0,27277.0,26.3,0.0,2.0,29.2,29.2,24.0,31.5
2024-07-27 13:25:00,3,222.75,128.0,0.0,1.0,23.475,4041825808.0,0.0,24.0,27277.0,23.025,0.0,2.0,26.85,26.85,24.0,31.5
2024-07-27 13:25:00,4,123.75,30.6,0.0,0.0,28.975,2290476305.0,0.0,24.0,26897.0,28.700000000000003,0.0,2.0,33.3,33.3,24.0,31.5
2024-07-27 13:30:00,1,142.25,128.0,0.0,1.0,19.433333333333334,4042087952.0,1.0,24.0,27277.0,20.566666666666666,0.0,2.0,28.3,23.7,24.0,31.5
2024-07-27 13:30:00,2,136.25,128.0,0.0,1.0,27.2,3267516688.0,0.0,24.0,27277.0,26.3,0.0,2.0,29.2,29.2,24.0,31.5
2024-07-27 13:30:00,3,222.75,128.0,0.0,1.0,23.666666666666668,4041825808.0,0.0,24.0,27277.0,23.166666666666668,0.0,2.0,26.96666666666667,26.96666666666667,24.0,31.5
2024-07-27 13:30:00,4,123.75,30.600000000000005,0.0,0.0,28.96666666666667,2290476305.0,0.0,24.0,26897.0,28.7,0.0,2.0,33.266666666666666,33.300000000000004,24.0,31.5
2024-07-27 13:35:00,1,142.25,128.0,0.0,1.0,20.3,4042087952.0,1.0,24.0,27277.0,21.233333333333334,0.0,2.0,28.3,24.03333333333333,24.0,31.5
2024-07-27 13:35:00,2,136.25,128.0,0.0,1.0,27.2,3267516688.0,0.0,24.0,27277.0,26.3,0.0,2.0,29.2,29.2,24.0,31.5
2024-07-27 13:35:00,3,222.75,128.0,0.0,1.0,23.833333333333332,4041825808.0,0.0,24.0,27277.0,23.333333333333332,0.0,2.0,27.066666666666666,27.066666666666666,24.0,31.5
2024-07-27 13:35:00,4,123.75,30.600000000000005,0.0,0.0,29.066666666666666,2290476305.0,0.0,24.0,26897.0,28.733333333333334,0.0,2.0,33.300000000000004,33.233333333333334,24.0,31.5
2024-07-27 13:40:00,1,142.25,128.0,0.0,1.0,21.0,4042087952.0,1.0,24.0,27277.0,21.7,0.0,2.0,28.3,24.225,24.0,31.5
2024-07-27 13:40:00,2,136.25,128.0,0.0,1.0,27.2,3267516688.0,0.0,24.0,27277.0,26.3,0.0,2.0,29.2,29.2,24.0,31.5
2024-07-27 13:40:00,3,222.75,128.0,0.0,1.0,23.95,4041825808.0,0.0,24.0,27277.0,23.5,0.0,2.0,27.15,27.15,24.0,31.5
2024-07-27 13:40:00,4,123.75,30.6,0.0,0.0,29.05,2290476305.0,0.0,24.0,26897.0,28.75,0.0,2.0,33.324999999999996,33.3,24.0,31.5
2024-07-27 13:45:00,1,142.25,128.0,0.0,1.0,21.46666666666667,4042087952.0,1.0,24.0,27277.0,22.03333333333333,0.0,2.0,28.266666666666666,24.3,24.0,31.5
2024-07-27 13:45:00,2,136.25,128.0,0.0,1.0,27.2,3267516688.0,0.0,24.0,27277.0,26.3,0.0,2.0,29.2,29.2,24.0,31.5
2024-07-27 13:45:00,3,222.75,128.0,0.0,1.0,24.0,4041825808.0,0.0,24.0,27277.0,23.633333333333336,0.0,2.0,27.2,27.233333333333334,24.0,31.5
2024-07-27 13:45:00,4,123.75,30.600000000000005,0.0,0.0,29.03333333333333,2290476305.0,0.0,24.0,26897.0,28.7,0.0,2.0,33.3,33.36666666666667,24.0,31.5
2024-07-27 13:50:00,1,142.25,128.0,0.0,1.0,22.03333333333333,4042087952.0,1.0,24.0,27277.0,22.5,0.0,2.0,28.266666666666666,24.399999999999995,24.0,31.5
2024-07-27 13:50:00,2,136.25,128.0,0.0,1.0,27.2,3267516688.0,0.0,24.0,27277.0,26.3,0.0,2.0,29.2,29.2,24.0,31.5
2024-07-27 13:50:00,3,222.75,128.0,0.0,1.0,24.133333333333336,4041825808.0,0.0,24.0,27277.0,23.766666666666666,0.0,2.0,27.3,27.3,24.0,31.5
2024-07-27 13:50:00,4,123.75,30.600000000000005,0.0,0.0,29.03333333333333,2290476305.0,0.0,24.0,26897.0,28.766666666666666,0.0,2.0,33.166666666666664,33.36666666666667,24.0,31.5
2024-07-27 13:55:00,1,142.25,128.0,0.0,1.0,22.35,4042087952.0,1.0,24.0,27277.0,22.75,0.0,2.0,28.3,24.45,24.0,31.5
2024-07-27 13:55:00,2,136.25,128.0,0.0,1.0,27.2,3267516688.0,0.0,24.0,27277.0,26.3,0.0,2.0,29.2,29.2,24.0,31.5
2024-07-27 13:55:00,3,222.75,128.0,0.0,1.0,24.2,4041825808.0,0.0,24.0,27277.0,23.85,0.0,2.0,27.3,27.3,24.0,31.5
2024-07-27 13:55:00,4,123.75,30.6,0.0,0.0,29.0,2290476305.0,0.0,24.0,26897.0,28.8,0.0,2.0,33.25,33.3,24.0,31.5
2024-07-27 14:00:00,1,142.25,128.0,0.0,1.0,23.0,4042087952.0,0.0,24.0,27277.0,22.7,0.0,2.0,28.266666666666666,25.3,24.0,31.5
2024-07-27 14:00:00,2,136.25,128.0,0.0,1.0,27.233333333333334,3267516688.0,0.0,24.0,27277.0,26.3,0.0,2.0,29.266666666666666,29.266666666666666,24.0,31.5
2024-07-27 14:00:00,3,222.75,128.0,0.0,1.0,24.266666666666666,4041825808.0,0.0,24.0,27277.0,23.899999999999995,0.0,2.0,27.3,27.333333333333332,24.0,31.5
2024-07-27 14:00:00,4,123.75,30.600000000000005,0.0,0.0,29.0,2290476305.0,0.0,24.0,26897.0,28.733333333333334,0.0,2.0,33.36666666666667,33.2,24.0,31.5
2024-07-27 14:05:00,1,142.25,128.0,0.0,1.0,23.266666666666666,4042087952.0,0.0,24.0,27277.0,22.866666666666664,0.0,2.0,28.2,26.03333333333333,24.0,31.5
2024-07-27 14:05:00,2,136.25,128.0,0.0,1.0,27.3,3267516688.0,0.0,24.0,27277.0,26.3,0.0,2.0,29.3,29.3,24.0,31.5
2024-07-27 14:05:00,3,222.75,128.0,0.0,1.0,24.46666666666667,4041825808.0,0.0,24.0,27277.0,24.0,0.0,2.0,27.333333333333332,27.333333333333332,24.0,31.5
2024-07-27 14:05:00,4,123.75,30.600000000000005,0.0,0.0,29.03333333333333,2290476305.0,0.0,24.0,26897.0,28.8,0.0,2.0,33.233333333333334,33.3,24.0,31.5
2024-07-27 14:10:00,1,142.25,128.0,0.0,1.0,23.53333333333333,4042087952.0,0.0,24.0,27277.0,23.0,0.0,2.0,28.2,26.5,24.0,31.5
2024-07-27 14:10:00,2,136.25,128.0,0.0,1.0,27.3,3267516688.0,0.0,24.0,27277.0,26.333333333333332,0.0,2.0,29.3,29.3,24.0,31.5
2024-07-27 14:10:00,3,222.75,128.0,0.0,1.0,24.600000000000005,4041825808.0,0.0,24.0,27277.0,24.100000000000005,0.0,2.0,27.399999999999995,27.399999999999995,24.0,31.5
2024-07-27 14:10:00,4,123.75,30.600000000000005,0.0,0.0,29.03333333333333,2290476305.0,0.0,24.0,26897.0,28.8,0.0,2.0,33.36666666666667,33.333333333333336,24.0,31.5
2024-07-27 14:15:00,1,142.25,128.0,0.0,1.0,23.65,4042087952.0,0.0,24.0,27277.0,23.05,0.0,2.0,28.2,26.799999999999997,24.0,31.5
2024-07-27 14:15:00,2,136.25,128.0,0.0,1.0,27.3,3267516688.0,0.0,24.0,27277.0,26.4,0.0,2.0,29.3,29.3,24.0,31.5
2024-07-27 14:15:00,3,222.75,128.0,0.0,1.0,24.65,4041825808.0,0.0,24.0,27277.0,24.15,0.0,2.0,27.4,27.4,24.0,31.5
2024-07-27 14:15:00,4,123.75,30.6,0.0,0.0,28.95,2290476305.0,0.0,24.0,26897.0,28.85,0.0,2.0,33.150000000000006,33.3,24.0,31.5
2024-07-27 14:20:00,1,142.25,128.0,0.0,1.0,23.899999999999995,4042087952.0,0.0,24.0,27277.0,23.2,0.0,2.0,28.2,27.03333333333333,24.0,31.5
2024-07-27 14:20:00,2,136.25,128.0,0.0,1.0,27.3,3267516688.0,0.0,24.0,27277.0,26.399999999999995,0.0,2.0,29.3,29.3,24.0,31.5
2024-07-27 14:20:00,3,222.75,128.0,0.0,1.0,24.766666666666666,4041825808.0,0.0,24.0,27277.0,24.3,0.0,2.0,27.399999999999995,27.46666666666667,24.0,31.5
2024-07-27 14:20:00,4,123.75,30.5,0.0,0.0,28.96666666666667,2290476305.0,0.0,24.0,26897.0,28.733333333333334,0.0,2.0,33.3,33.266666666666666,24.0,31.5
2024-07-27 14:25:00,1,142.25,128.0,0.0,1.0,24.0,4042087952.0,0.0,24.0,27277.0,23.325,0.0,2.0,28.225,27.225,24.0,31.5
2024-07-27 14:25:00,2,136.25,128.0,0.0,1.0,27.3,3267516688.0,0.0,24.0,27277.0,26.4,0.0,2.0,29.3,29.3,24.0,31.5
2024-07-27 14:25:00,3,222.75,128.0,0.0,1.0,24.725,4041825808.0,0.0,24.0,27277.0,24.275,0.0,2.0,27.5,27.5,24.0,31.5
2024-07-27 14:25:00,4,123.75,30.525,0.0,0.0,29.0,2290476305.0,0.0,24.0,26897.0,28.775,0.0,2.0,33.3,33.3,24.0,31.5
2024-07-27 14:30:00,1,142.25,128.0,0.0,1.0,24.15,4042087952.0,0.0,24.0,27277.0,23.45,0.0,2.0,28.2,27.3,24.0,31.5
2024-07-27 14:30:00,2,136.25,128.0,0.0,1.0,27.3,3267516688.0,0.0,24.0,27277.0,26.4,0.0,2.0,29.3,29.3,24.0,31.5
2024-07-27 14:30:00,3,222.75,128.0,0.0,1.0,24.8,4041825808.0,0.0,24.0,27277.0,24.4,0.0,2.0,27.5,27.5,24.0,31.5
2024-07-27 14:30:00,4,123.75,30.5,0.0,0.0,28.9,2290476305.0,0.0,24.0,26897.0,28.8,0.0,2.0,33.25,33.25,24.0,31.5
2024-07-27 14:35:00,1,142.25,128.0,0.0,1.0,24.3,4042087952.0,0.0,24.0,27277.0,23.55,0.0,2.0,28.25,27.45,24.0,31.5
2024-07-27 14:35:00,2,136.25,128.0,0.0,1.0,27.3,3267516688.0,0.0,24.0,27277.0,26.4,0.0,2.0,29.3,29.3,24.0,31.5
2024-07-27 14:35:00,3,222.75,128.0,0.0,1.0,24.875,4041825808.0,0.0,24.0,27277.0,24.5,0.0,2.0,27.6,27.575000000000003,24.0,31.5
2024-07-27 14:35:00,4,123.75,30.55,0.0,0.0,29.025,2290476305.0,0.0,24.0,26897.0,28.8,0.0,2.0,33.25,33.175,24.0,31.5
2024-07-27 14:40:00,1,142.25,128.0,0.0,1.0,24.433333333333334,4042087952.0,0.0,24.0,27277.0,23.633333333333336,0.0,2.0,28.266666666666666,27.566666666666666,24.0,31.5
2024-07-27 14:40:00,2,136.25,128.0,0.0,1.0,27.333333333333332,3267516688.0,0.0,24.0,27277.0,26.399999999999995,0.0,2.0,29.3,29.3,24.0,31.5
2024-07-27 14:40:00,3,222.75,128.0,0.0,1.0,24.833333333333332,4041825808.0,0.0,24.0,27277.0,24.46666666666667,0.0,2.0,27.600000000000005,27.600000000000005,24.0,31.5
2024-07-27 14:40:00,4,123.75,30.600000000000005,0.0,0.0,28.933333333333334,2290476305.0,0.0,24.0,26897.0,28.8,0.0,2.0,33.266666666666666,33.233333333333334,24.0,31.5
2024-07-27 14:45:00,1,142.25,128.0,0.0,1.0,24.65,4042087952.0,0.0,24.0,27277.0,23.75,0.0,2.0,28.3,27.7,24.0,31.5
2024-07-27 14:45:00,2,136.25,128.0,0.0,1.0,27.3,3267516688.0,0.0,24.0,27277.0,26.4,0.0,2.0,29.3,29.3,24.0,31.5
2024-07-27 14:45:00,3,222.75,128.0,0.0,1.0,25.0,4041825808.0,0.0,24.0,27277.0,24.6,0.0,2.0,27.6,27.6,24.0,31.5
2024-07-27 14:45:00,4,123.75,30.6,0.0,0.0,29.0,2290476305.0,0.0,24.0,26897.0,28.75,0.0,2.0,33.2,33.15,24.0,31.5
2024-07-27 14:50:00,1,142.25,128.0,0.0,1.0,24.75,4042087952.0,0.0,24.0,27277.0,23.875,0.0,2.0,28.3,27.775,24.0,31.5
2024-07-27 14:50:00,2,136.25,128.0,0.0,1.0,27.375,3267516688.0,0.0,24.0,27277.0,26.4,0.0,2.0,29.3,29.3,24.0,31.5
2024-07-27 14:50:00,3,222.75,128.0,0.0,1.0,25.1,4041825808.0,0.0,24.0,27277.0,24.7,0.0,2.0,27.6,27.6,24.0,31.5
2024-07-27 14:50:00,4,123.75,30.6,0.0,0.0,29.025,2290476305.0,0.0,24.0,26897.0,28.8,0.0,2.0,33.2,33.150000000000006,24.0,31.5
2024-07-27 14:55:00,1,142.25,128.0,0.0,1.0,24.8,4042087952.0,0.0,24.0,27277.0,24.0,0.0,2.0,28.3,27.9,24.0,31.5
2024-07-27 14:55:00,2,136.25,128.0,0.0,1.0,27.4,3267516688.0,0.0,24.0,27277.0,26.4,0.0,2.0,29.4,29.4,24.0,31.5
2024-07-27 14:55:00,3,222.75,128.0,0.0,1.0,25.1,4041825808.0,0.0,24.0,27277.0,24.7,0.0,2.0,27.7,27.7,24.0,31.5
2024-07-27 14:55:00,4,123.75,30.6,0.0,0.0,28.9,2290476305.0,0.0,24.0,26897.0,28.85,0.0,2.0,33.2,33.150000000000006,24.0,31.5
2024-07-27 15:00:00,1,142.25,128.0,0.0,1.0,24.833333333333332,4042087952.0,0.0,24.0,27277.0,24.0,0.0,2.0,28.2,27.933333333333334,24.0,31.5
2024-07-27 15:00:00,2,136.25,128.0,0.0,1.0,27.399999999999995,3267516688.0,0.0,24.0,27277.0,26.399999999999995,0.0,2.0,29.366666666666664,29.366666666666664,24.0,31.5
2024-07-27 15:00:00,3,222.75,128.0,0.0,1.0,25.166666666666668,4041825808.0,0.0,24.0,27277.0,24.766666666666666,0.0,2.0,27.7,27.7,24.0,31.5
2024-07-27 15:00:00,4,123.75,30.600000000000005,0.0,0.0,29.0,2290476305.0,0.0,24.0,26897.0,28.866666666666664,0.0,2.0,33.166666666666664,33.13333333333333,24.0,31.5
2024-07-27 15:05:00,1,142.25,128.0,0.0,1.0,24.96666666666667,4042087952.0,0.0,24.0,27277.0,24.03333333333333,0.0,2.0,28.266666666666666,28.0,24.0,31.5
2024-07-27 15:05:00,2,136.25,128.0,0.0,1.0,27.399999999999995,3267516688.0,0.0,24.0,27277.0,26.399999999999995,0.0,2.0,29.366666666666664,29.399999999999995,24.0,31.5
2024-07-27 15:05:00,3,222.75,128.0,0.0,1.0,25.266666666666666,4041825808.0,0.0,24.0,27277.0,24.8,0.0,2.0,27.7,27.7,24.0,31.5
2024-07-27 15:05:00,4,123.75,30.600000000000005,0.0,0.0,29.0,2290476305.0,0.0,24.0,26897.0,28.8,0.0,2.0,33.1,33.13333333333333,24.0,31.5
2024-07-27 15:10:00,1,142.25,128.0,0.0,1.0,25.075000000000003,4042087952.0,0.0,24.0,27277.0,24.125,0.0,2.0,28.3,28.1,24.0,31.5
2024-07-27 15:10:00,2,136.25,128.0,0.0,1.0,27.4,3267516688.0,0.0,24.0,27277.0,26.4,0.0,2.0,29.4,29.4,24.0,31.5
2024-07-27 15:10:00,3,222.75,128.0,0.0,1.0,25.3,4041825808.0,0.0,24.0,27277.0,24.8,0.0,2.0,27.7,27.7,24.0,31.5
2024-07-27 15:10:00,4,123.75,30.6,0.0,0.0,29.0,2290476305.0,0.0,24.0,26897.0,28.75,0.0,2.0,33.075,33.150000000000006,24.0,31.5
2024-07-27 15:15:00,1,142.25,128.0,0.0,1.0,25.25,4042087952.0,0.0,24.0,27277.0,24.2,0.0,2.0,28.3,28.1,24.0,31.5
2024-07-27 15:15:00,2,136.25,128.0,0.0,1.0,27.4,3267516688.0,0.0,24.0,27277.0,26.4,0.0,2.0,29.4,29.4,24.0,31.5
2024-07-27 15:15:00,3,222.75,128.0,0.0,1.0,25.4,4041825808.0,0.0,24.0,27277.0,24.85,0.0,2.0,27.7,27.7,24.0,31.5
2024-07-27 15:15:00,4,123.75,30.5,0.0,0.0,28.95,2290476305.0,0.0,24.0,26897.0,28.75,0.0,2.0,33.1,33.05,24.0,31.5
2024-07-27 15:20:00,1,142.25,128.0,0.0,1.0,25.3,4042087952.0,0.0,24.0,27277.0,24.3,0.0,2.0,28.3,28.100000000000005,24.0,31.5
2024-07-27 15:20:00,2,136.25,128.0,0.0,1.0,27.399999999999995,3267516688.0,0.0,24.0,27277.0,26.399999999999995,0.0,2.0,29.399999999999995,29.399999999999995,24.0,31.5
2024-07-27 15:20:00,3,222.75,128.0,0.0,1.0,25.433333333333334,4041825808.0,0.0,24.0,27277.0,24.899999999999995,0.0,2.0,27.7,27.8,24.0,31.5
2024-07-27 15:20:00,4,123.75,30.5,0.0,0.0,28.933333333333334,2290476305.0,0.0,24.0,26897.0,28.833333333333332,0.0,2.0,33.06666666666667,33.1,24.0,31.5
2024-07-27 15:25:00,1,142.25,128.0,0.0,1.0,25.333333333333332,4042087952.0,0.0,24.0,27277.0,24.333333333333332,0.0,2.0,28.3,28.166666666666668,24.0,31.5
2024-07-27 15:25:00,2,136.25,128.0,0.0,1.0,27.399999999999995,3267516688.0,0.0,24.0,27277.0,26.399999999999995,0.0,2.0,29.399999999999995,29.399999999999995,24.0,31.5
2024-07-27 15:25:00,3,222.75,128.0,0.0,1.0,25.5,4041825808.0,0.0,24.0,27277.0,24.899999999999995,0.0,2.0,27.8,27.8,24.0,31.5
2024-07-27 15:25:00,4,123.75,30.5,0.0,0.0,29.0,2290476305.0,0.0,24.0,26897.0,28.8,0.0,2.0,33.1,33.1,24.0,31.5
2024-07-27 15:30:00,1,142.25,128.0,0.0,1.0,25.5,4042087952.0,0.0,24.0,27277.0,24.45,0.0,2.0,28.3,28.2,24.0,31.5
2024-07-27 15:30:00,2,136.25,128.0,0.0,1.0,27.4,3267516688.0,0.0,24.0,27277.0,26.45,0.0,2.0,29.4,29.4,24.0,31.5
2024-07-27 15:30:00,3,222.75,128.0,0.0,1.0,25.5,4041825808.0,0.0,24.0,27277.0,25.0,0.0,2.0,27.8,27.8,24.0,31.5
2024-07-27 15:30:00,4,123.75,30.5,0.0,0.0,29.0,2290476305.0,0.0,24.0,26897.0,28.950000000000003,0.0,2.0,33.1,33.05,24.0,31.5
2024-07-27 15:35:00,1,142.25,128.0,0.0,1.0,25.6,4042087952.0,0.0,24.0,27277.0,24.575000000000003,0.0,2.0,28.3,28.25,24.0,31.5
2024-07-27 15:35:00,2,136.25,128.0,0.0,1.0,27.4,3267516688.0,0.0,24.0,27277.0,26.475,0.0,2.0,29.4,29.4,24.0,31.5
2024-07-27 15:35:00,3,222.75,128.0,0.0,1.0,25.6,4041825808.0,0.0,24.0,27277.0,25.0,0.0,2.0,27.8,27.8,24.0,31.5
2024-07-27 15:35:00,4,123.75,30.5,0.0,0.0,29.05,2290476305.0,0.0,24.0,26897.0,28.8,0.0,2.0,33.150000000000006,33.025,24.0,31.5
2024-07-27 15:40:00,1,142.25,128.0,0.0,1.0,25.666666666666668,4042087952.0,0.0,24.0,27277.0,24.633333333333336,0.0,2.0,28.3,28.3,24.0,31.5
2024-07-27 15:40:00,2,136.25,128.0,0.0,1.0,27.399999999999995,3267516688.0,0.0,24.0,27277.0,26.5,0.0,2.0,29.399999999999995,29.399999999999995,24.0,31.5
2024-07-27 15:40:00,3,222.75,128.0,0.0,1.0,25.600000000000005,4041825808.0,0.0,24.0,27277.0,25.100000000000005,0.0,2.0,27.8,27.8,24.0,31.5
2024-07-27 15:40:00,4,123.75,30.5,0.0,0.0,28.933333333333334,2290476305.0,0.0,24.0,26897.0,28.833333333333332,0.0,2.0,33.0,33.13333333333333,24.0,31.5
2024-07-27 15:45:00,1,142.25,128.0,0.0,1.0,25.7,4042087952.0,0.0,24.0,27277.0,24.7,0.0,2.0,28.3,28.333333333333332,24.0,31.5
2024-07-27 15:45:00,2,136.25,128.0,0.0,1.0,27.399999999999995,3267516688.0,0.0,24.0,27277.0,26.5,0.0,2.0,29.433333333333334,29.399999999999995,24.0,31.5
2024-07-27 15:45:00,3,222.75,128.0,0.0,1.0,25.7,4041825808.0,0.0,24.0,27277.0,25.100000000000005,0.0,2.0,27.866666666666664,27.899999999999995,24.0,31.5
2024-07-27 15:45:00,4,123.75,30.5,0.0,0.0,29.066666666666666,2290476305.0,0.0,24.0,26897.0,28.833333333333332,0.0,2.0,33.0,33.06666666666667,24.0,31.5
2024-07-27 15:50:00,1,142.25,128.0,0.0,1.0,25.8,4042087952.0,0.0,24.0,27277.0,24.766666666666666,0.0,2.0,28.3,28.399999999999995,24.0,31.5
2024-07-27 15:50:00,2,136.25,128.0,0.0,1.0,27.399999999999995,3267516688.0,0.0,24.0,27277.0,26.5,0.0,2.0,29.399999999999995,29.399999999999995,24.0,31.5
2024-07-27 15:50:00,3,222.75,128.0,0.0,1.0,25.7,4041825808.0,0.0,24.0,27277.0,25.133333333333336,0.0,2.0,27.899999999999995,27.899999999999995,24.0,31.5
2024-07-27 15:50:00,4,123.75,30.5,0.0,0.0,29.0,2290476305.0,0.0,24.0,26897.0,28.900000000000002,0.0,2.0,33.03333333333333,33.1,24.0,31.5
2024-07-27 15:55:00,1,142.25,128.0,0.0,1.0,25.866666666666664,4042087952.0,0.0,24.0,27277.0,24.8,0.0,2.0,28.366666666666664,28.399999999999995,24.0,31.5
2024-07-27 15:55:00,2,136.25,128.0,0.0,1.0,27.399999999999995,3267516688.0,0.0,24.0,27277.0,26.46666666666667,0.0,2.0,29.399999999999995,29.399999999999995,24.0,31.5
2024-07-27 15:55:00,3,222.75,128.0,0.0,1.0,25.733333333333334,4041825808.0,0.0,24.0,27277.0,25.2,0.0,2.0,27.899999999999995,27.899999999999995,24.0,31.5
2024-07-27 15:55:00,4,123.75,30.5,0.0,0.0,29.0,2290476305.0,0.0,24.0,26897.0,28.866666666666664,0.0,2.0,33.03333333333333,33.03333333333333,24.0,31.5
2024-07-27 16:00:00,1,142.25,128.0,0.0,1.0,25.924999999999997,4042087952.0,0.0,24.0,27277.0,24.8,0.0,2.0,28.4,28.5,24.0,31.5
2024-07-27 16:00:00,2,136.25,128.0,0.0,1.0,27.424999999999997,3267516688.0,0.0,24.0,27277.0,26.5,0.0,2.0,29.4,29.4,24.0,31.5
2024-07-27 16:00:00,3,222.75,128.0,0.0,1.0,25.8,4041825808.0,0.0,24.0,27277.0,25.225,0.0,2.0,27.95,27.9,24.0,31.5
2024-07-27 16:00:00,4,123.75,30.5,0.0,0.0,29.0,2290476305.0,0.0,24.0,26897.0,28.85,0.0,2.0,33.05,33.025,24.0,31.5
2024-07-27 16:05:00,1,142.25,128.0,0.0,1.0,26.0,4042087952.0,0.0,24.0,27277.0,24.866666666666664,0.0,2.0,28.399999999999995,28.5,24.0,31.5
2024-07-27 16:05:00,2,136.25,128.0,0.0,1.0,27.399999999999995,3267516688.0,0.0,24.0,27277.0,26.5,0.0,2.0,29.399999999999995,29.399999999999995,24.0,31.5
2024-07-27 16:05:00,3,222.75,128.0,0.0,1.0,25.8,4041825808.0,0.0,24.0,27277.0,25.3,0.0,2.0,27.899999999999995,27.899999999999995,24.0,31.5
2024-07-27 16:05:00,4,123.75,30.5,0.0,0.0,29.066666666666666,2290476305.0,0.0,24.0,26897.0,28.766666666666666,0.0,2.0,33.06666666666667,33.1,24.0,31.5
2024-07-27 16:10:00,1,142.25,128.0,0.0,1.0,26.05,4042087952.0,0.0,24.0,27277.0,24.924999999999997,0.0,2.0,28.4,28.525,24.0,31.5
2024-07-27 16:10:00,2,136.25,128.0,0.0,1.0,27.4,3267516688.0,0.0,24.0,27277.0,26.5,0.0,2.0,29.4,29.4,24.0,31.5
2024-07-27 16:10:00,3,222.75,128.0,0.0,1.0,25.9,4041825808.0,0.0,24.0,27277.0,25.3,0.0,2.0,28.0,27.975,24.0,31.5
2024-07-27 16:10:00,4,123.75,30.5,0.0,0.0,29.0,2290476305.0,0.0,24.0,26897.0,28.875,0.0,2.0,33.025,33.05,24.0,31.5
2024-07-27 16:15:00,1,142.25,128.0,0.0,1.0,26.1,4042087952.0,0.0,24.0,27277.0,25.0,0.0,2.0,28.4,28.6,24.0,31.5
2024-07-27 16:15:00,2,136.25,128.0,0.0,1.0,27.4,3267516688.0,0.0,24.0,27277.0,26.5,0.0,2.0,29.4,29.4,24.0,31.5
2024-07-27 16:15:00,3,222.75,128.0,0.0,1.0,25.9,4041825808.0,0.0,24.0,27277.0,25.3,0.0,2.0,28.0,28.0,24.0,31.5
2024-07-27 16:15:00,4,123.75,30.5,0.0,0.0,29.025,2290476305.0,0.0,24.0,26897.0,28.825,0.0,2.0,33.075,33.1,24.0,31.5
2024-07-27 16:20:00,1,142.25,128.0,0.0,1.0,26.2,4042087952.0,0.0,24.0,27277.0,25.1,0.0,2.0,28.4,28.6,24.0,31.5
2024-07-27 16:20:00,2,136.25,128.0,0.0,1.0,27.4,3267516688.0,0.0,24.0,27277.0,26.5,0.0,2.0,29.4,29.424999999999997,24.0,31.5
2024-07-27 16:20:00,3,222.75,128.0,0.0,1.0,25.9,4041825808.0,0.0,24.0,27277.0,25.35,0.0,2.0,28.0,28.0,24.0,31.5
2024-07-27 16:20:00,4,123.75,30.5,0.0,0.0,29.0,2290476305.0,0.0,24.0,26897.0,28.9,0.0,2.0,33.025,33.0,24.0,31.5
2024-07-27 16:25:00,1,142.25,128.0,0.0,1.0,26.2,4042087952.0,0.0,24.0,27277.0,25.166666666666668,0.0,2.0,28.399999999999995,28.633333333333336,24.0,31.5
2024-07-27 16:25:00,2,136.25,128.0,0.0,1.0,27.399999999999995,3267516688.0,0.0,24.0,27277.0,26.5,0.0,2.0,29.399999999999995,29.399999999999995,24.0,31.5
2024-07-27 16:25:00,3,222.75,128.0,0.0,1.0,26.0,4041825808.0,0.0,24.0,27277.0,25.399999999999995,0.0,2.0,28.0,28.0,24.0,31.5
2024-07-27 16:25:00,4,123.75,30.5,0.0,0.0,28.96666666666667,2290476305.0,0.0,24.0,26897.0,28.8,0.0,2.0,33.1,33.06666666666667,24.0,31.5
2024-07-27 16:30:00,1,142.25,128.0,0.0,1.0,26.3,4042087952.0,0.0,24.0,27277.0,25.225,0.0,2.0,28.4,28.7,24.0,31.5
2024-07-27 16:30:00,2,136.25,128.0,0.0,1.0,27.4,3267516688.0,0.0,24.0,27277.0,26.5,0.0,2.0,29.4,29.4,24.0,31.5
2024-07-27 16:30:00,3,222.75,128.0,0.0,1.0,26.0,4041825808.0,0.0,24.0,27277.0,25.4,0.0,2.0,28.025,28.025,24.0,31.5
2024-07-27 16:30:00,4,123.75,30.5,0.0,0.0,28.975,2290476305.0,0.0,24.0,26897.0,28.925,0.0,2.0,33.05,33.05,24.0,31.5
2024-07-27 16:35:00,1,142.25,128.0,0.0,1.0,26.3,4042087952.0,0.0,24.0,27277.0,25.3,0.0,2.0,28.4,28.7,24.0,31.5
2024-07-27 16:35:00,2,136.25,128.0,0.0,1.0,27.4,3267516688.0,0.0,24.0,27277.0,26.5,0.0,2.0,29.4,29.4,24.0,31.5
2024-07-27 16:35:00,3,222.75,128.0,0.0,1.0,26.05,4041825808.0,0.0,24.0,27277.0,25.424999999999997,0.0,2.0,28.1,28.1,24.0,31.5
2024-07-27 16:35:00,4,123.75,30.5,0.0,0.0,29.0,2290476305.0,0.0,24.0,26897.0,28.85,0.0,2.0,33.025,33.025,24.0,31.5
2024-07-27 16:40:00,1,142.25,128.0,0.0,1.0,26.399999999999995,4042087952.0,0.0,24.0,27277.0,25.333333333333332,0.0,2.0,28.399999999999995,28.733333333333334,24.0,31.5
2024-07-27 16:40:00,2,136.25,128.0,0.0,1.0,27.46666666666667,3267516688.0,0.0,24.0,27277.0,26.5,0.0,2.0,29.399999999999995,29.399999999999995,24.0,31.5
2024-07-27 16:40:00,3,222.75,128.0,0.0,1.0,26.100000000000005,4041825808.0,0.0,24.0,27277.0,25.5,0.0,2.0,28.100000000000005,28.100000000000005,24.0,31.5
2024-07-27 16:40:00,4,123.75,30.5,0.0,0.0,29.03333333333333,2290476305.0,0.0,24.0,26897.0,28.833333333333332,0.0,2.0,33.03333333333333,33.06666666666667,24.0,31.5
2024-07-27 16:45:00,1,142.25,128.0,0.0,1.0,26.4,4042087952.0,0.0,24.0,27277.0,25.4,0.0,2.0,28.4,28.8,24.0,31.5
2024-07-27 16:45:00,2,136.25,128.0,0.0,1.0,27.4,3267516688.0,0.0,24.0,27277.0,26.5,0.0,2.0,29.4,29.4,24.0,31.5
2024-07-27 16:45:00,3,222.75,128.0,0.0,1.0,26.1,4041825808.0,0.0,24.0,27277.0,25.5,0.0,2.0,28.1,28.1,24.0,31.5
2024-07-27 16:45:00,4,123.75,30.5,0.0,0.0,29.05,2290476305.0,0.0,24.0,26897.0,28.85,0.0,2.0,33.05,33.0,24.0,31.5
2024-07-27 16:50:00,1,142.25,128.0,0.0,1.0,26.45,4042087952.0,0.0,24.0,27277.0,25.4,0.0,2.0,28.4,28.8,24.0,31.5
2024-07-27 16:50:00,2,136.25,128.0,0.0,1.0,27.424999999999997,3267516688.0,0.0,24.0,27277.0,26.5,0.0,2.0,29.4,29.4,24.0,31.5
2024-07-27 16:50:00,3,222.75,128.0,0.0,1.0,26.1,4041825808.0,0.0,24.0,27277.0,25.5,0.0,2.0,28.1,28.1,24.0,31.5
2024-07-27 16:50:00,4,123.75,30.5,0.0,0.0,29.05,2290476305.0,0.0,24.0,26897.0,28.9,0.0,2.0,32.975,33.1,24.0,31.5
2024-07-27 16:55:00,1,142.25,128.0,0.0,1.0,26.600000000000005,4042087952.0,0.0,24.0,27277.0,25.5,0.0,2.0,28.399999999999995,28.866666666666664,24.0,31.5
2024-07-27 16:55:00,2,136.25,128.0,0.0,1.0,27.399999999999995,3267516688.0,0.0,24.0,27277.0,26.5,0.0,2.0,29.399999999999995,29.433333333333334,24.0,31.5
2024-07-27 16:55:00,3,222.75,128.0,0.0,1.0,26.166666666666668,4041825808.0,0.0,24.0,27277.0,25.53333333333333,0.0,2.0,28.100000000000005,28.100000000000005,24.0,31.5
2024-07-27 16:55:00,4,123.75,30.5,0.0,0.0,29.0,2290476305.0,0.0,24.0,26897.0,28.96666666666667,0.0,2.0,33.06666666666667,33.0,24.0,31.5
